{
  "ok": true,
  "fetchedAt": "2026-05-12T16:35:07.501Z",
  "apiVersion": "v22",
  "datePreset": "last_30d",
  "dateRangeLiteral": "LAST_30_DAYS",
  "source": "google_ads_api",
  "customer": {
    "descriptiveName": "바이오컴",
    "status": "ENABLED"
  },
  "summary": {
    "cost": 22055513.524476,
    "impressions": 1680536,
    "clicks": 35431,
    "conversions": 2231.8339270000006,
    "conversionValue": 226450143.40526894,
    "allConversions": 6142.467257,
    "allConversionValue": 424937225.33791125,
    "viewThroughConversions": 60,
    "roas": 10.267280476329285,
    "ctr": 0.02108315442216055,
    "cvr": 0.0629909945245689
  },
  "campaigns": [
    {
      "campaignId": "22018174474",
      "campaignName": "[PM]건기식 실적최대화",
      "status": "ENABLED",
      "channel": "PERFORMANCE_MAX",
      "cost": 9411587.26809,
      "impressions": 546111,
      "clicks": 15577,
      "conversions": 1101.241768,
      "conversionValue": 103318927.80260485,
      "allConversions": 2866.648106,
      "allConversionValue": 199404834.80845445,
      "roas": 10.97784304172664,
      "ctr": 0.02852350529471115,
      "cvr": 0.07069665327084805
    },
    {
      "campaignId": "21807994952",
      "campaignName": "[PM]검사권 실적최대화",
      "status": "ENABLED",
      "channel": "PERFORMANCE_MAX",
      "cost": 5720851.175091,
      "impressions": 421659,
      "clicks": 10469,
      "conversions": 734.105725,
      "conversionValue": 71015272.48369616,
      "allConversions": 2023.48043,
      "allConversionValue": 142358132.82383242,
      "roas": 12.413410226943466,
      "ctr": 0.024828119404542534,
      "cvr": 0.07012185738848027
    },
    {
      "campaignId": "23171999678",
      "campaignName": "[PM] 이벤트",
      "status": "PAUSED",
      "channel": "PERFORMANCE_MAX",
      "cost": 4968343.502782,
      "impressions": 613745,
      "clicks": 7229,
      "conversions": 333.946569,
      "conversionValue": 46970386.57910292,
      "allConversions": 1002.954307,
      "allConversionValue": 77532584.16285938,
      "roas": 9.453932996541418,
      "ctr": 0.011778507360548762,
      "cvr": 0.046195403098630516
    },
    {
      "campaignId": "14629255429",
      "campaignName": "[SA]바이오컴 검사권",
      "status": "ENABLED",
      "channel": "SEARCH",
      "cost": 1534582.770297,
      "impressions": 21667,
      "clicks": 941,
      "conversions": 59.539865,
      "conversionValue": 4724017.539865,
      "allConversions": 210.102262,
      "allConversionValue": 5082773.779565,
      "roas": 3.0783725917571223,
      "ctr": 0.04343010107536807,
      "cvr": 0.06327297024442083
    },
    {
      "campaignId": "23820127165",
      "campaignName": "[PMAX] 바이오컴 검사권 캠페인",
      "status": "PAUSED",
      "channel": "PERFORMANCE_MAX",
      "cost": 420092.009198,
      "impressions": 77339,
      "clicks": 1215,
      "conversions": 3,
      "conversionValue": 421539,
      "allConversions": 39.282152,
      "allConversionValue": 558899.7632,
      "roas": 1.003444461618688,
      "ctr": 0.015710055728675055,
      "cvr": 0.0024691358024691358
    },
    {
      "campaignId": "23844198697",
      "campaignName": "[PMAX] 바이오컴 검사권 (2)",
      "status": "ENABLED",
      "channel": "PERFORMANCE_MAX",
      "cost": 56.799018,
      "impressions": 15,
      "clicks": 0,
      "conversions": 0,
      "conversionValue": 0,
      "allConversions": 0,
      "allConversionValue": 0,
      "roas": 0,
      "ctr": 0,
      "cvr": null
    }
  ],
  "daily": [
    {
      "date": "2026-04-13",
      "cost": 670567.495264,
      "impressions": 22436,
      "clicks": 810,
      "conversions": 73,
      "conversionValue": 7264701,
      "allConversions": 192.88203800000002,
      "allConversionValue": 13926019.5733,
      "viewThroughConversions": 0,
      "roas": 10.833661117349438,
      "ctr": 0.036102692101978966,
      "cvr": 0.09012345679012346
    },
    {
      "date": "2026-04-14",
      "cost": 1002900.0510859999,
      "impressions": 19350,
      "clicks": 1207,
      "conversions": 143.000198,
      "conversionValue": 12282255.260391345,
      "allConversions": 367.724414,
      "allConversionValue": 22561859.492298987,
      "viewThroughConversions": 0,
      "roas": 12.246739091389404,
      "ctr": 0.062377260981912146,
      "cvr": 0.11847572328086164
    },
    {
      "date": "2026-04-15",
      "cost": 683346.962544,
      "impressions": 92002,
      "clicks": 1189,
      "conversions": 46.976404,
      "conversionValue": 9508870.002712,
      "allConversions": 142.11811,
      "allConversionValue": 15779236.515112,
      "viewThroughConversions": 0,
      "roas": 13.915141976064222,
      "ctr": 0.012923632094954458,
      "cvr": 0.039509170731707316
    },
    {
      "date": "2026-04-16",
      "cost": 1074437.077097,
      "impressions": 79881,
      "clicks": 1526,
      "conversions": 87.500912,
      "conversionValue": 8629417.92,
      "allConversions": 258.17321400000003,
      "allConversionValue": 15281673.064299999,
      "viewThroughConversions": 0,
      "roas": 8.031571232924733,
      "ctr": 0.019103416331793542,
      "cvr": 0.05734004718217562
    },
    {
      "date": "2026-04-17",
      "cost": 803808.766244,
      "impressions": 39108,
      "clicks": 1384,
      "conversions": 52.977250999999995,
      "conversionValue": 6006399.070613001,
      "allConversions": 174.9502,
      "allConversionValue": 11091986.510613,
      "viewThroughConversions": 0,
      "roas": 7.472422947910136,
      "ctr": 0.0353891786846681,
      "cvr": 0.038278360549132945
    },
    {
      "date": "2026-04-18",
      "cost": 625806.073636,
      "impressions": 81256,
      "clicks": 1087,
      "conversions": 34.329756,
      "conversionValue": 6355293.385558,
      "allConversions": 102.358988,
      "allConversionValue": 10320501.778258,
      "viewThroughConversions": 2,
      "roas": 10.155371852869798,
      "ctr": 0.013377473663483313,
      "cvr": 0.031582112235510586
    },
    {
      "date": "2026-04-19",
      "cost": 828948.6779939999,
      "impressions": 160763,
      "clicks": 1522,
      "conversions": 31.205812,
      "conversionValue": 5192012.240791,
      "allConversions": 122.377376,
      "allConversionValue": 7453463.223051,
      "viewThroughConversions": 5,
      "roas": 6.263369951147423,
      "ctr": 0.009467352562467732,
      "cvr": 0.020503161629434954
    },
    {
      "date": "2026-04-20",
      "cost": 1114472.571675,
      "impressions": 237257,
      "clicks": 4103,
      "conversions": 25.503985999999998,
      "conversionValue": 3709374.822915,
      "allConversions": 115.64699999999999,
      "allConversionValue": 5389345.219035,
      "viewThroughConversions": 7,
      "roas": 3.3283679806852344,
      "ctr": 0.017293483437791086,
      "cvr": 0.006215936144284669
    },
    {
      "date": "2026-04-21",
      "cost": 1049235.205167,
      "impressions": 277476,
      "clicks": 1914,
      "conversions": 26.805847999999997,
      "conversionValue": 4938486.974489,
      "allConversions": 130.76023400000003,
      "allConversionValue": 10117600.912189001,
      "viewThroughConversions": 15,
      "roas": 4.706749211396288,
      "ctr": 0.006897893871902435,
      "cvr": 0.014005145245559037
    },
    {
      "date": "2026-04-22",
      "cost": 862201.138282,
      "impressions": 92252,
      "clicks": 984,
      "conversions": 47.776056,
      "conversionValue": 3519533.208246665,
      "allConversions": 157.167312,
      "allConversionValue": 7108810.094646664,
      "viewThroughConversions": 3,
      "roas": 4.082032662656416,
      "ctr": 0.01066643541603434,
      "cvr": 0.04855290243902439
    },
    {
      "date": "2026-04-23",
      "cost": 914118.6157519999,
      "impressions": 31758,
      "clicks": 728,
      "conversions": 91.115595,
      "conversionValue": 7910391.64925,
      "allConversions": 231.68092800000002,
      "allConversionValue": 17225919.860995367,
      "viewThroughConversions": 1,