{
  "ok": true,
  "fetchedAt": "2026-05-12T16:35:07.076Z",
  "apiVersion": "v22",
  "datePreset": "last_7d",
  "dateRangeLiteral": "LAST_7_DAYS",
  "source": "google_ads_api",
  "customer": {
    "descriptiveName": "바이오컴",
    "status": "ENABLED"
  },
  "summary": {
    "cost": 3621240.7530109994,
    "impressions": 203543,
    "clicks": 5704,
    "conversions": 387.736239,
    "conversionValue": 38080022.54257613,
    "allConversions": 1068.349086,
    "allConversionValue": 73377579.95906289,
    "viewThroughConversions": 4,
    "roas": 10.515738980047997,
    "ctr": 0.02802356258874046,
    "cvr": 0.06797619898316971
  },
  "campaigns": [
    {
      "campaignId": "22018174474",
      "campaignName": "[PM]건기식 실적최대화",
      "status": "ENABLED",
      "channel": "PERFORMANCE_MAX",
      "cost": 2289652.520101,
      "impressions": 95287,
      "clicks": 3746,
      "conversions": 351.50987,
      "conversionValue": 33343603.10204613,
      "allConversions": 917.569956,
      "allConversionValue": 65826146.058632895,
      "roas": 14.562735091600402,
      "ctr": 0.03931281287059095,
      "cvr": 0.09383605712760278
    },
    {
      "campaignId": "21807994952",
      "campaignName": "[PM]검사권 실적최대화",
      "status": "ENABLED",
      "channel": "PERFORMANCE_MAX",
      "cost": 508972.335476,
      "impressions": 24790,
      "clicks": 560,
      "conversions": 14.49013,
      "conversionValue": 2990497.88553,
      "allConversions": 64.828888,
      "allConversionValue": 5617758.397129999,
      "roas": 5.875560766447617,
      "ctr": 0.022589753933037516,
      "cvr": 0.025875232142857144
    },
    {
      "campaignId": "23820127165",
      "campaignName": "[PMAX] 바이오컴 검사권 캠페인",
      "status": "PAUSED",
      "channel": "PERFORMANCE_MAX",
      "cost": 416807.713809,
      "impressions": 76650,
      "clicks": 1182,
      "conversions": 3,
      "conversionValue": 421539,
      "allConversions": 39.282152,
      "allConversionValue": 558899.7632,
      "roas": 1.0113512443130266,
      "ctr": 0.015420743639921722,
      "cvr": 0.0025380710659898475
    },
    {
      "campaignId": "14629255429",
      "campaignName": "[SA]바이오컴 검사권",
      "status": "ENABLED",
      "channel": "SEARCH",
      "cost": 405751.384607,
      "impressions": 6801,
      "clicks": 216,
      "conversions": 18.736239,
      "conversionValue": 1324382.555,
      "allConversions": 46.66809,
      "allConversionValue": 1374775.7401,
      "roas": 3.264024733477525,
      "ctr": 0.031760035288928096,
      "cvr": 0.08674184722222222
    },
    {
      "campaignId": "23844198697",
      "campaignName": "[PMAX] 바이오컴 검사권 (2)",
      "status": "ENABLED",
      "channel": "PERFORMANCE_MAX",
      "cost": 56.799018,
      "impressions": 15,
      "clicks": 0,
      "conversions": 0,
      "conversionValue": 0,
      "allConversions": 0,
      "allConversionValue": 0,
      "roas": 0,
      "ctr": 0,
      "cvr": null
    }
  ],
  "daily": [
    {
      "date": "2026-05-06",
      "cost": 786959.914802,
      "impressions": 69968,
      "clicks": 1542,
      "conversions": 56.785846,
      "conversionValue": 5620862.210386,
      "allConversions": 163.844979,
      "allConversionValue": 11300691.530685998,
      "viewThroughConversions": 3,
      "roas": 7.14250129474538,
      "ctr": 0.022038646238280356,
      "cvr": 0.036826099870298314
    },
    {
      "date": "2026-05-07",
      "cost": 602300.32672,
      "impressions": 45954,
      "clicks": 905,
      "conversions": 53.524637,
      "conversionValue": 5599159.561853318,
      "allConversions": 145.115002,
      "allConversionValue": 10099257.577753318,
      "viewThroughConversions": 0,
      "roas": 9.296291755883903,
      "ctr": 0.019693606650128388,
      "cvr": 0.0591432453038674
    },
    {
      "date": "2026-05-08",
      "cost": 395152.866128,
      "impressions": 15461,
      "clicks": 600,
      "conversions": 57.22892,
      "conversionValue": 5959102,
      "allConversions": 149.42172699999998,
      "allConversionValue": 11810039.6807,
      "viewThroughConversions": 1,
      "roas": 15.080497981431055,
      "ctr": 0.03880732164801759,
      "cvr": 0.09538153333333334
    },
    {
      "date": "2026-05-09",
      "cost": 489655.30191200005,
      "impressions": 19222,
      "clicks": 787,
      "conversions": 69,
      "conversionValue": 5415383.998724812,
      "allConversions": 179.106089,
      "allConversionValue": 10679799.157711573,
      "viewThroughConversions": 0,
      "roas": 11.059584114741302,
      "ctr": 0.040942669857455,
      "cvr": 0.08767471410419314
    },
    {
      "date": "2026-05-10",
      "cost": 408924.148934,
      "impressions": 18506,
      "clicks": 660,
      "conversions": 62.091802,
      "conversionValue": 5984673.7419219995,
      "allConversions": 157.189438,
      "allConversionValue": 10942215.486422,
      "viewThroughConversions": 0,
      "roas": 14.635168300828134,
      "ctr": 0.035664108937641846,
      "cvr": 0.09407848787878788
    },
    {
      "date": "2026-05-11",
      "cost": 484266.60896599997,
      "impressions": 19713,
      "clicks": 589,
      "conversions": 43.105033999999996,
      "conversionValue": 4405241.02969,
      "allConversions": 131.963675,
      "allConversionValue": 8704626.89379,
      "viewThroughConversions": 0,
      "roas": 9.096726778449614,
      "ctr": 0.029878760208999138,
      "cvr": 0.0731834193548387
    },
    {
      "date": "2026-05-12",
      "cost": 453981.58554900007,
      "impressions": 14719,
      "clicks": 621,
      "conversions": 46,
      "conversionValue": 5095600,
      "allConversions": 141.708176,
      "allConversionValue": 9840949.632000001,
      "viewThroughConversions": 0,
      "roas": 11.224243806800862,
      "ctr": 0.042190366193355526,
      "cvr": 0.07407407407407407
    }
  ],
  "redaction_note": "Committed evidence keeps summary/campaign/day metrics only. Credential and conversion action detail were omitted after read-only recompute."
}
